Province,City,LatLng
Abra,Bangued,17.600; 120.617
Abra,Boliney,17.400; 120.800
Abra,Bucay,17.533; 120.717
Abra,Bucloc,17.450; 120.850
Abra,Daguioman,17.450; 120.917
Abra,Danglas,17.700; 120.650
Abra,Dolores,17.64667; 120.71083
Abra,La Paz,17.70556; 120.69306
Abra,Lacub,17.667; 120.950
Abra,Lagangilang,17.617; 120.783
Abra,Lagayan,17.717; 120.700
Abra,Langiden,17.583; 120.567
Abra,Licuan-Baay,17.62694; 120.83222
Abra,Luba,17.34917; 120.69111
Abra,Malibcong,17.567; 120.983
Abra,Manabo,17.467; 120.700
Abra,Peñarrubia,17.567; 120.650
Abra,Pidigan,17.567; 120.583
Abra,Pilar,17.41750; 120.59417
Abra,Sallapadan,17.467; 120.767
Abra,San Isidro,17.467; 120.600
Abra,San Juan,17.717; 120.750
Abra,San Quintin,17.54306; 120.51917
Abra,Tayum,17.617; 120.650
Abra,Tineg,17.767; 120.933
Abra,Tubo,17.167; 120.717
Abra,Villaviciosa,17.433; 120.633
Agusan del Norte,Butuan City,""
Agusan del Norte,Buenavista,8.967; 125.417
Agusan del Norte,Cabadbaran,""
Agusan del Norte,Carmen,8.983; 125.300
Agusan del Norte,Jabonga,9.350; 125.517
Agusan del Norte,Kitcharao,9.450; 125.567
Agusan del Norte,Las Nieves,8.733; 125.600
Agusan del Norte,Magallanes,9.017; 125.517
Agusan del Norte,Nasipit,""
Agusan del Norte,Remedios T. Romualdez,9.05361; 125.58667
Agusan del Norte,Santiago,9.267; 125.567
Agusan del Norte,Tubay,9.167; 125.533
Agusan del Sur,Bayugan,""
Agusan del Sur,Bunawan,8.167; 126.000
Agusan del Sur,Esperanza,8.683; 125.650
Agusan del Sur,La Paz,8.267; 125.800
Agusan del Sur,Loreto,8.183; 125.850
Agusan del Sur,Prosperidad,8.600; 125.917
Agusan del Sur,Rosario,8.383; 126.000
Agusan del Sur,San Francisco,8.500; 125.983
Agusan del Sur,San Luis,8.47806; 125.74389
Agusan del Sur,Santa Josefa,7.983; 126.033
Agusan del Sur,Sibagat,8.817; 125.700
Agusan del Sur,Talacogon,8.450; 125.783
Agusan del Sur,Trento,8.050; 126.067
Agusan del Sur,Veruela,8.033; 125.900
Aklan,Altavas,11.533; 122.483
Aklan,Balete,11.550; 122.383
Aklan,Banga,11.633; 122.333
Aklan,Batan,11.583; 122.500
Aklan,Buruanga,11.850; 121.900
Aklan,Ibajay,11.817; 122.167
Aklan,Kalibo,11.700; 122.367
Aklan,Lezo,11.667; 122.333
Aklan,Libacao,11.483; 122.300
Aklan,Madalag,11.517; 122.300
Aklan,Makato,11.700; 122.283
Aklan,Malay,11.9; 121.9083
Aklan,Malinao,11.650; 122.300
Aklan,Nabas,11.833; 122.083
Aklan,New Washington,11.650; 122.433
Aklan,Numancia,11.700; 122.333
Aklan,Tangalan,11.767; 122.250
Albay,Legazpi City,""
Albay,Ligao City,""
Albay,Tabaco City,""
Albay,Bacacay,13.300; 123.800
Albay,Camalig,13.133; 123.667
Albay,Daraga,13.16194; 123.69389
Albay,Guinobatan,13.183; 123.600
Albay,Jovellar,13.067; 123.600
Albay,Libon,13.300; 123.433
Albay,Malilipot,13.317; 123.733
Albay,Malinao,13.400; 123.700
Albay,Manito,13.117; 123.867
Albay,Oas,13.25889; 123.49528
Albay,Pio Duran,13.033; 123.450
Albay,Polangui,13.29222; 123.48556
Albay,Rapu-Rapu,13.183; 124.133
Albay,Santo Domingo,13.23500; 123.77694
Albay,Tiwi,13.450; 123.683
Antique,Anini-y,10.433; 121.933
Antique,Barbaza,11.200; 122.050
Antique,Belison,10.717; 122.267
Antique,Bugasong,11.050; 122.067
Antique,Caluya,11.900; 121.517
Antique,Culasi,11.417; 122.067
Antique,Hamtic,10.700; 121.983
Antique,Laua-an,11.150; 122.050
Antique,Libertad,11.783; 121.917
Antique,Pandan,11.717; 122.100
Antique,Patnongon,10.917; 121.983
Antique,San Jose,10.750; 121.950
Antique,San Remigio,10.88; 122.12
Antique,Sebaste,11.583; 122.100
Antique,Sibalom,10.783; 122.017
Antique,Tibiao,11.283; 122.050
Antique,Tobias Fornier,10.517; 121.950
Antique,Valderrama,11.000; 122.133
Apayao,Calanasan,18.250; 121.033
Apayao,Conner,17.800; 121.333
Apayao,Flora,18.117; 121.400
Apayao,Kabugao,18.017; 121.183
Apayao,Luna,18.32583; 121.35361
Apayao,Pudtol,18.150; 121.283
Apayao,Santa Marcela,18.283; 121.433
Aurora,Baler,15.767; 121.567
Aurora,Casiguran,16.28333; 122.04444
Aurora,Dilasag,16.400; 122.217
Aurora,Dinalungan,16.10000; 121.77389
Aurora,Dingalan,15.383; 121.400
Aurora,Dipaculao,15.983; 121.633
Aurora,Maria Aurora,15.783; 121.467
Aurora,San Luis,15.717; 121.517
Basilan,Isabela City,""
Basilan,Akbar,6.650; 122.217
Basilan,Al-Barka,6.467; 122.183
Basilan,Hadji Mohammad Ajul,6.617; 122.300
Basilan,Hadji Muhtamad,6.633; 121.617
Basilan,Lamitan,""
Basilan,Lantawan,6.650; 121.867
Basilan,Maluso,6.550; 121.883
Basilan,Sumisip,6.417; 121.983
Basilan,Tabuan-Lasa,6.350; 121.967
Basilan,Tipo-Tipo,6.533; 122.167
Basilan,Tuburan,6.600; 122.200
Basilan,Ungkaya Pukan,6.500; 122.117
Bataan,Balanga City,""
Bataan,Abucay,14.733; 120.533
Bataan,Bagac,14.600; 120.400
Bataan,Dinalupihan,14.883; 120.467
Bataan,Hermosa,14.833; 120.500
Bataan,Limay,14.567; 120.600
Bataan,Mariveles,14.433; 120.483
Bataan,Morong,14.683; 120.267
Bataan,Orani,14.800; 120.533
Bataan,Orion,14.617; 120.583
Bataan,Pilar,14.667; 120.567
Bataan,Samal,14.767; 120.550
Batanes,Basco,20.4496778; 121.9698694
Batanes,Itbayat,20.767; 121.850
Batanes,Ivana,20.367; 121.917
Batanes,Mahatao,20.417; 121.950
Batanes,Sabtang,20.333; 121.867
Batanes,Uyugan,20.350; 121.933
Batangas,Batangas City,""
Batangas,Lipa City,""
Batangas,Tanauan City,""
Batangas,Agoncillo,13.933; 120.933
Batangas,Alitagtag,13.867; 121.000
Batangas,Balayan,13.933; 120.733
Batangas,Balete,14.02722; 121.09806
Batangas,Bauan,13.80194; 121.01306
Batangas,Calaca,13.967; 120.800
Batangas,Calatagan,13.833; 120.633
Batangas,Cuenca,13.91667; 121.04472
Batangas,Ibaan,13.817; 121.133
Batangas,Laurel,14.050; 120.900
Batangas,Lemery,13.92; 120.88
Batangas,Lian,14.033; 120.650
Batangas,Lobo,13.650; 121.250
Batangas,Mabini,13.717; 120.900
Batangas,Malvar,14.04056; 121.15444
Batangas,Mataas na Kahoy,""
Batangas,Nasugbu,14.067; 120.633
Batangas,Padre Garcia,13.883; 121.217
Batangas,Rosario,13.850; 121.200
Batangas,San Jose,13.87722; 121.10500
Batangas,San Juan,13.833; 121.400
Batangas,San Luis,13.833; 120.933
Batangas,San Nicolas,13.917; 120.950
Batangas,San Pascual,13.80750; 121.04194
Batangas,Santa Teresita,13.883; 120.967
Batangas,Santo Tomas,14.10917; 121.14194
Batangas,Taal,13.89417; 120.92917
Batangas,Talisay,14.100; 121.017
Batangas,Taysan,13.74194; 121.22306
Batangas,Tingloy,13.650; 120.867
Batangas,Tuy,14.017; 120.733
Benguet,Baguio City,""
Benguet,Atok,16.58333; 120.7
Benguet,Bakun,16.7922; 120.6653
Benguet,Bokod,16.500; 120.833
Benguet,Buguias,16.72306; 120.82806
Benguet,Itogon,16.367; 120.683
Benguet,Kabayan,16.617; 120.850
Benguet,Kapangan,16.583; 120.600
Benguet,Kibungan,16.700; 120.667
Benguet,La Trinidad,16.450; 120.567
Benguet,Mankayan,16.867; 120.783
Benguet,Sablan,16.517; 120.517
Benguet,Tuba,16.317; 120.550
Benguet,Tublay,16.517; 120.617
Biliran,Almeria,11.617; 124.383
Biliran,Biliran,11.467; 124.483
Biliran,Cabucgayan,11.483; 124.567
Biliran,Caibiran,11.567; 124.583
Biliran,Culaba,11.650; 124.533
Biliran,Kawayan,11.683; 124.367
Biliran,Maripipi,11.783; 124.333
Biliran,Naval,11.583; 124.450
Bohol,Tagbilaran City,""
Bohol,Alburquerque,9.6; 123.95
Bohol,Alicia,9.9; 124.45
Bohol,Anda,9.75; 124.57
Bohol,Antequera,9.78; 123.9
Bohol,Baclayon,9.63; 123.9
Bohol,Balilihan,9.75; 123.97
Bohol,Batuan,9.8; 124.13
Bohol,Bien Unido,10.13; 124.38
Bohol,Bilar,9.7; 124.1
Bohol,Buenavista,10.08; 124.12
Bohol,Calape,9.88; 123.88
Bohol,Candijay,9.82; 124.5
Bohol,Carmen,9.82; 124.2
Bohol,Catigbian,9.83; 124.03
Bohol,Clarin,9.97; 124.02
Bohol,Corella,9.68; 123.92
Bohol,Cortes,9.72; 123.88
Bohol,Dagohoy,9.92; 124.28
Bohol,Danao,10.02; 124.27
Bohol,Dauis,9.62; 123.85
Bohol,Dimiao,9.62; 124.17
Bohol,Duero,9.72; 124.4
Bohol,Garcia Hernandez,9.62; 124.3
Bohol,Getafe,10.15; 124.15
Bohol,Guindulman,9.77; 124.48
Bohol,Inabanga,10.03; 124.07
Bohol,Jagna,9.65; 124.37
Bohol,Lila,9.6; 124.1
Bohol,Loay,9.6; 124.02
Bohol,Loboc,9.63; 124.03
Bohol,Loon,9.8; 123.8
Bohol,Mabini,9.87; 124.52
Bohol,Maribojoc,9.75; 123.83
Bohol,Panglao,9.58; 123.75
Bohol,Pilar,9.83; 124.33
Bohol,President Carlos P. Garcia,10.12; 124.55
Bohol,Sagbayan,9.92; 124.1
Bohol,San Isidro,9.8; 124.3
Bohol,San Miguel,10; 124.32
Bohol,Sevilla,9.7; 124.05
Bohol,Sierra Bullones,9.82; 124.28
Bohol,Sikatuna,9.68; 123.97
Bohol,Talibon,10.12; 124.28
Bohol,Trinidad,10.05; 124.35
Bohol,Tubigon,9.95; 123.97
Bohol,Ubay,10.05; 124.47
Bohol,Valencia,9.62; 124.2
Bukidnon,Malaybalay City,""
Bukidnon,Valencia City,""
Bukidnon,Baungon,8.250; 124.717
Bukidnon,Cabanglasan,8.067; 125.317
Bukidnon,Damulog,7.483; 124.933
Bukidnon,Dangcagan,7.617; 125.000
Bukidnon,Don Carlos,7.683; 125.000
Bukidnon,Impasug-ong,""
Bukidnon,Kadingilan,7.600; 124.917
Bukidnon,Kalilangan,7.750; 124.750
Bukidnon,Kibawe,7.567; 124.983
Bukidnon,Kitaotao,7.633; 125.017
Bukidnon,Lantapan,8.050; 124.983
Bukidnon,Libona,8.333; 124.733
Bukidnon,Malitbog,8.533; 124.883
Bukidnon,Manolo Fortich,8.367; 124.867
Bukidnon,Maramag,7.767; 125.000
Bukidnon,Pangantucan,7.833; 124.833
Bukidnon,Quezon,7.733; 125.100
Bukidnon,San Fernando,7.917; 125.333
Bukidnon,Sumilao,8.283; 124.950
Bukidnon,Talakag,8.233; 124.600
Bulacan,Malolos City,""
Bulacan,Meycauayan City,""
Bulacan,San Jose del Monte City,""
Bulacan,Angat,14.933; 121.033
Bulacan,Balagtas,14.817; 120.867
Bulacan,Baliuag,14.950; 120.883
Bulacan,Bocaue,14.800; 120.933
Bulacan,Bulacan,""
Bulacan,Bustos,14.950; 120.917
Bulacan,Calumpit,14.917; 120.767
Bulacan,Doña Remedios Trinidad,15.000; 121.083
Bulacan,Guiguinto,14.833; 120.883
Bulacan,Hagonoy,14.833; 120.733
Bulacan,Marilao,14.75806; 120.94806
Bulacan,Norzagaray,14.917; 121.050
Bulacan,Obando,14.700; 120.917
Bulacan,Pandi,14.867; 120.950
Bulacan,Paombong,14.83111; 120.78917
Bulacan,Plaridel,14.883; 120.850
Bulacan,Pulilan,14.900; 120.850
Bulacan,San Ildefonso,15.07889; 120.94194
Bulacan,San Miguel,15.14583; 120.97833
Bulacan,San Rafael,14.950; 120.967
Bulacan,Santa Maria,14.817; 120.950
Cagayan,Tuguegarao City,""
Cagayan,Abulug,18.450; 121.450
Cagayan,Alcala,17.900; 121.650
Cagayan,Allacapan,18.250; 121.583
Cagayan,Amulung,17.833; 121.733
Cagayan,Aparri,18.333; 121.667
Cagayan,Baggao,17.917; 121.967
Cagayan,Ballesteros,18.400; 121.517
Cagayan,Buguey,18.283; 121.833
Cagayan,Calayan,19.267; 121.483
Cagayan,Camalaniugan,18.27444; 121.67361
Cagayan,Claveria,18.60750; 121.08500
Cagayan,Enrile,17.550; 121.700
Cagayan,Gattaran,18.067; 121.650
Cagayan,Gonzaga,18.267; 122.000
Cagayan,Iguig,17.750; 121.733
Cagayan,Lal-lo,18.200; 121.667
Cagayan,Lasam,18.067; 121.600
Cagayan,Pamplona,18.45000; 121.34167
Cagayan,Peñablanca,17.633; 121.783
Cagayan,Piat,17.79111; 121.47611
Cagayan,Rizal,17.850; 121.350
Cagayan,Sanchez-Mira,18.567; 121.233
Cagayan,Santa Ana,18.467; 122.150
Cagayan,Santa Praxedes,18.567; 121.000
Cagayan,Santa Teresita,18.250; 121.883
Cagayan,Santo Niño,17.883; 121.567
Cagayan,Solana,17.65500; 121.68889
Cagayan,Tuao,17.733; 121.450
Camarines Norte,Basud,14.067; 122.967
Camarines Norte,Capalonga,14.333; 122.500
Camarines Norte,Daet,14.117; 122.950
Camarines Norte,Jose Panganiban,14.300; 122.700
Camarines Norte,Labo,14.017; 122.350
Camarines Norte,Mercedes,14.100; 123.017
Camarines Norte,Paracale,14.283; 122.783
Camarines Norte,San Lorenzo Ruiz,14.117; 122.867
Camarines Norte,San Vicente,14.100; 122.867
Camarines Norte,Santa Elena,14.200; 122.383
Camarines Norte,Talisay,14.133; 122.917
Camarines Norte,Vinzons,14.183; 122.900
Camarines Sur,Iriga City,""
Camarines Sur,Naga City,""
Camarines Sur,Baao,13.45611; 123.36389
Camarines Sur,Balatan,13.317; 123.233
Camarines Sur,Bato,13.35611; 123.36389
Camarines Sur,Bombon,13.683; 123.200
Camarines Sur,Buhi,13.433; 123.517
Camarines Sur,Bula,13.467; 123.283
Camarines Sur,Cabusao,13.717; 123.100
Camarines Sur,Calabanga,13.717; 123.233
Camarines Sur,Camaligan,13.62500; 123.15694
Camarines Sur,Canaman,13.650; 123.167
Camarines Sur,Caramoan,13.767; 123.867
Camarines Sur,Del Gallego,13.917; 122.600
Camarines Sur,Gainza,13.617; 123.150
Camarines Sur,Garchitorena,13.883; 123.700
Camarines Sur,Goa,13.700; 123.500
Camarines Sur,Lagonoy,13.73861; 123.52056
Camarines Sur,Libmanan,13.700; 123.067
Camarines Sur,Lupi,13.817; 122.900
Camarines Sur,Magarao,13.667; 123.183
Camarines Sur,Milaor,13.600; 123.183
Camarines Sur,Minalabac,13.567; 123.183
Camarines Sur,Nabua,13.40139; 123.37639
Camarines Sur,Ocampo,13.567; 123.383
Camarines Sur,Pamplona,13.600; 123.083
Camarines Sur,Pasacao,13.517; 123.050
Camarines Sur,Pili,13.583; 123.300
Camarines Sur,Presentacion,13.717; 123.750
Camarines Sur,Ragay,13.817; 122.783
Camarines Sur,Sagñay,13.60417; 123.52000
Camarines Sur,San Fernando,13.567; 123.150
Camarines Sur,San Jose,13.717; 123.517
Camarines Sur,Sipocot,13.767; 122.983
Camarines Sur,Siruma,14.000; 123.250
Camarines Sur,Tigaon,13.633; 123.500
Camarines Sur,Tinambac,13.817; 123.333
Camiguin,Catarman,9.133; 124.683
Camiguin,Guinsiliban,9.100; 124.783
Camiguin,Mahinog,9.150; 124.783
Camiguin,Mambajao,9.250; 124.717
Camiguin,Sagay,9.117; 124.717
Capiz,Roxas City,""
Capiz,Cuartero,11.350; 122.667
Capiz,Dao,11.400; 122.683
Capiz,Dumalag,11.300; 122.617
Capiz,Dumarao,11.267; 122.683
Capiz,Ivisan,11.517; 122.683
Capiz,Jamindan,11.400; 122.500
Capiz,Ma-ayon,""
Capiz,Mambusao,11.433; 122.600
Capiz,Panay,11.550; 122.800
Capiz,Panitan,11.467; 122.767
Capiz,Pilar,11.483; 123.000
Capiz,Pontevedra,11.483; 122.833
Capiz,President Roxas,11.433; 122.933
Capiz,Sapi-an,""
Capiz,Sigma,11.417; 122.667
Capiz,Tapaz,11.267; 122.533
Catanduanes,Bagamanoc,13.933; 124.283
Catanduanes,Baras,13.667; 124.367
Catanduanes,Bato,13.600; 124.300
Catanduanes,Caramoran,13.983; 124.133
Catanduanes,Gigmoto,13.783; 124.383
Catanduanes,Pandan,14.050; 124.167
Catanduanes,Panganiban,13.900; 124.300
Catanduanes,San Andres,13.600; 124.100
Catanduanes,San Miguel,13.633; 124.300
Catanduanes,Viga,13.867; 124.300
Catanduanes,Virac,13.583; 124.233
Cavite,Cavite City,""
Cavite,Dasmariñas City,""
Cavite,Tagaytay City,""
Cavite,Trece Martires City,""
Cavite,Alfonso,14.14083; 120.85389
Cavite,Amadeo,14.167; 120.917
Cavite,Bacoor,""
Cavite,Carmona,14.317; 121.050
Cavite,General Mariano Alvarez,14.300; 121.000
Cavite,General Emilio Aguinaldo,14.183; 120.800
Cavite,General Trias,14.383; 120.883
Cavite,Imus,""
Cavite,Indang,14.19528; 120.87694
Cavite,Kawit,14.433; 120.900
Cavite,Magallanes,14.18833; 120.75750
Cavite,Maragondon,14.27333; 120.73833
Cavite,Mendez,14.12861; 120.90583
Cavite,Naic,14.317; 120.767
Cavite,Noveleta,14.433; 120.883
Cavite,Rosario,14.417; 120.850
Cavite,Silang,14.233; 120.983
Cavite,Tanza,14.400; 120.833
Cavite,Ternate,14.283; 120.717
Cebu,Bogo City,""
Cebu,Cebu City,""
Cebu,Carcar City,""
Cebu,Danao City,""
Cebu,Lapu-Lapu City,""
Cebu,Mandaue City,""
Cebu,Naga City,""
Cebu,Talisay City,""
Cebu,Toledo City,""
Cebu,Alcantara,9.98; 123.4
Cebu,Alcoy,9.68; 123.5
Cebu,Alegria,9.77; 123.38
Cebu,Aloguinsan,10.22; 123.55
Cebu,Argao,9.88; 123.6
Cebu,Asturias,10.57; 123.72
Cebu,Badian,9.87; 123.4
Cebu,Balamban,10.5; 123.72
Cebu,Bantayan,11.17; 123.72
Cebu,Barili,10.12; 123.52
Cebu,Boljoon,9.63; 123.48
Cebu,Borbon,10.83; 124.03
Cebu,Carmen,10.58; 124.02
Cebu,Catmon,10.72; 124
Cebu,Compostela,10.45; 124
Cebu,Consolacion,10.5; 123.95
Cebu,Cordoba,10.25; 123.95
Cebu,Daanbantayan,11.25; 124
Cebu,Dalaguete,9.77; 123.53
Cebu,Dumanjug,10.05; 123.43
Cebu,Ginatilan,9.6; 123.35
Cebu,Liloan,10.4; 123.98
Cebu,Madridejos,11.27; 123.73
Cebu,Malabuyoc,9.65; 123.33
Cebu,Medellin,11.13; 123.97
Cebu,Minglanilla,10.25; 123.78
Cebu,Moalboal,9.95; 123.4
Cebu,Oslob,9.55; 123.4
Cebu,Pilar,10.8; 124.55
Cebu,Pinamungahan,""
Cebu,Poro,10.63; 124.42
Cebu,Ronda,10; 123.4
Cebu,Samboan,9.53; 123.3
Cebu,San Fernando,10.17; 123.7
Cebu,San Francisco,10.65; 124.35
Cebu,San Remigio,11.05; 123.98
Cebu,Santa Fe,11.15; 123.82
Cebu,Santander,9.45; 123.33
Cebu,Sibonga,10.03; 123.57
Cebu,Sogod,10.75; 124
Cebu,Tabogon,10.93; 124.03
Cebu,Tabuelan,10.82; 123.87
Cebu,Tuburan,10.73; 123.83
Cebu,Tudela,10.63; 124.47
Compostela Valley,Compostela,7.667; 126.083
Compostela Valley,Laak,7.833; 125.817
Compostela Valley,Mabini,7.300; 125.850
Compostela Valley,Maco,7.367; 125.850
Compostela Valley,Maragusan,7.500; 126.000
Compostela Valley,Mawab,7.500; 125.933
Compostela Valley,Monkayo,7.817; 126.050
Compostela Valley,Montevista,7.700; 125.983
Compostela Valley,Nabunturan,7.600; 125.967
Compostela Valley,New Bataan,7.533; 126.133
Compostela Valley,Pantukan,7.150; 125.950
Cotabato,Kidapawan City,""
Cotabato,Alamada,7.333; 124.567
Cotabato,Aleosan,7.150; 124.583
Cotabato,Antipas,7.250; 125.050
Cotabato,Arakan,7.350; 125.133
Cotabato,Banisilan,7.500; 124.700
Cotabato,Carmen,7.200; 124.783
Cotabato,Kabacan,7.117; 124.817
Cotabato,Libungan,7.250; 124.517
Cotabato,Mlang,""
Cotabato,Magpet,7.100; 125.117
Cotabato,Makilala,6.967; 125.083
Cotabato,Matalam,7.083; 124.900
Cotabato,Midsayap,7.1917; 124.533
Cotabato,Pigkawayan,""
Cotabato,Pikit,7.050; 124.667
Cotabato,President Roxas,7.150; 125.050
Cotabato,Tulunan,6.833; 124.883
Davao del Norte,Panabo City,""
Davao del Norte,Island Garden City of Samal,""
Davao del Norte,Tagum City,""
Davao del Norte,Asuncion,7.583; 125.767
Davao del Norte,Braulio E. Dujali,7.450; 125.683
Davao del Norte,Carmen,7.36056; 125.70639
Davao del Norte,Kapalong,7.750; 125.500
Davao del Norte,New Corella,7.583; 125.833
Davao del Norte,San Isidro,7.750; 125.733
Davao del Norte,Santo Tomas,7.533; 125.617
Davao del Norte,Talaingod,7.617; 125.617
Davao del Sur,Davao City,""
Davao del Sur,Digos City,""
Davao del Sur,Bansalan,6.783; 125.217
Davao del Sur,Don Marcelino,""
Davao del Sur,Hagonoy,6.683; 125.300
Davao del Sur,Jose Abad Santos,""
Davao del Sur,Kiblawan,6.617; 125.217
Davao del Sur,Magsaysay,6.767; 125.183
Davao del Sur,Malalag,6.600; 125.400
Davao del Sur,Malita,""
Davao del Sur,Matanao,6.750; 125.233
Davao del Sur,Padada,6.633; 125.350
Davao del Sur,Santa Cruz,6.833; 125.417
Davao del Sur,Santa Maria,6.550; 125.467
Davao del Sur,Sarangani,""
Davao del Sur,Sulop,6.600; 125.350
Davao Oriental,Mati City,""
Davao Oriental,Baganga,7.567; 126.567
Davao Oriental,Banaybanay,7.100; 126.067
Davao Oriental,Boston,7.867; 126.367
Davao Oriental,Caraga,7.333; 126.567
Davao Oriental,Cateel,7.783; 126.450
Davao Oriental,Governor Generoso,6.650; 126.067
Davao Oriental,Lupon,6.900; 126.000
Davao Oriental,Manay,7.217; 126.533
Davao Oriental,San Isidro,6.833; 126.083
Davao Oriental,Tarragona,7.050; 126.450
Eastern Samar,Arteche,12.267; 125.367
Eastern Samar,Balangiga,11.117; 125.383
Eastern Samar,Balangkayan,11.467; 125.500
Eastern Samar,Borongan,""
Eastern Samar,Can-avid,12.000; 125.450
Eastern Samar,Dolores,12.050; 125.483
Eastern Samar,General MacArthur,11.250; 125.533
Eastern Samar,Giporlos,11.117; 125.450
Eastern Samar,Guiuan,11.033; 125.733
Eastern Samar,Hernani,11.333; 125.583
Eastern Samar,Jipapad,12.283; 125.233
Eastern Samar,Lawaan,11.150; 125.300
Eastern Samar,Llorente,11.417; 125.533
Eastern Samar,Maslog,12.100; 125.167
Eastern Samar,Maydolong,11.500; 125.500
Eastern Samar,Mercedes,11.100; 125.717
Eastern Samar,Oras,12.133; 125.433
Eastern Samar,Quinapondan,11.150; 125.517
Eastern Samar,Salcedo,11.150; 125.667
Eastern Samar,San Julian,11.750; 125.450
Eastern Samar,San Policarpo,12.183; 125.500
Eastern Samar,Sulat,11.817; 125.450
Eastern Samar,Taft,11.900; 125.417
Guimaras,Buenavista,10.7; 122.63
Guimaras,Jordan,10.600; 122.600
Guimaras,Nueva Valencia,10.517; 122.533
Guimaras,San Lorenzo,10.650; 122.717
Guimaras,Sibunag,10.500; 122.667
Ifugao,Aguinaldo,16.783; 121.317
Ifugao,Alfonso Lista,16.900; 121.517
Ifugao,Asipulo,16.600; 121.050
Ifugao,Banaue,16.91889; 121.05889
Ifugao,Hingyon,16.833; 121.117
Ifugao,Hungduan,16.833; 121.000
Ifugao,Kiangan,16.783; 121.083
Ifugao,Lagawe,16.817; 121.100
Ifugao,Lamut,16.65000; 121.22500
Ifugao,Mayoyao,16.967; 121.217
Ifugao,Tinoc,16.700; 120.900
Ilocos Norte,Batac City,""
Ilocos Norte,Laoag City,""
Ilocos Norte,Adams,18.467; 120.900
Ilocos Norte,Bacarra,18.250; 120.617
Ilocos Norte,Badoc,17.933; 120.467
Ilocos Norte,Bangui,18.533; 120.767
Ilocos Norte,Banna,17.983; 120.650
Ilocos Norte,Burgos,18.51611; 120.64611
Ilocos Norte,Carasi,18.200; 120.867
Ilocos Norte,Currimao,18.017; 120.483
Ilocos Norte,Dingras,18.117; 120.700
Ilocos Norte,Dumalneg,18.500; 120.817
Ilocos Norte,Marcos,18.050; 120.683
Ilocos Norte,Nueva Era,17.917; 120.667
Ilocos Norte,Pagudpud,18.567; 120.800
Ilocos Norte,Paoay,18.050; 120.517
Ilocos Norte,Pasuquin,18.333; 120.617
Ilocos Norte,Piddig,18.167; 120.733
Ilocos Norte,Pinili,17.95389; 120.52694
Ilocos Norte,San Nicolas,18.17250; 120.59583
Ilocos Norte,Sarrat,18.167; 120.650
Ilocos Norte,Solsona,18.100; 120.767
Ilocos Norte,Vintar,18.23000; 120.64194
Ilocos Sur,Candon City,""
Ilocos Sur,Vigan City,""
Ilocos Sur,Alilem,16.883; 120.533
Ilocos Sur,Banayoyo,17.233; 120.483
Ilocos Sur,Bantay,17.583; 120.383
Ilocos Sur,Burgos,17.333; 120.500
Ilocos Sur,Cabugao,17.800; 120.450
Ilocos Sur,Caoayan,17.533; 120.400
Ilocos Sur,Cervantes,16.99167; 120.73333
Ilocos Sur,Galimuyod,17.183; 120.467
Ilocos Sur,Gregorio Del Pilar,""
Ilocos Sur,Lidlidda,17.267; 120.517
Ilocos Sur,Magsingal,17.68333; 120.42500
Ilocos Sur,Nagbukel,17.450; 120.550
Ilocos Sur,Narvacan,17.417; 120.483
Ilocos Sur,Quirino,17.150; 120.667
Ilocos Sur,Salcedo,17.150; 120.533
Ilocos Sur,San Emilio,17.233; 120.617
Ilocos Sur,San Esteban,17.333; 120.450
Ilocos Sur,San Ildefonso,17.617; 120.400
Ilocos Sur,San Juan,17.72917; 120.46083
Ilocos Sur,San Vicente,17.58111; 120.34694
Ilocos Sur,Santa,17.49056; 120.43722
Ilocos Sur,Santa Catalina,17.600; 120.367
Ilocos Sur,Santa Cruz,17.02000; 120.47472
Ilocos Sur,Santa Lucia,17.117; 120.450
Ilocos Sur,Santa Maria,17.35861; 120.49806
Ilocos Sur,Santiago,17.300; 120.450
Ilocos Sur,Santo Domingo,17.633; 120.417
Ilocos Sur,Sigay,17.033; 120.583
Ilocos Sur,Sinait,17.86611; 120.45806
Ilocos Sur,Sugpon,16.850; 120.517
Ilocos Sur,Suyo,16.98000; 120.52694
Ilocos Sur,Tagudin,16.933; 120.450
Iloilo,Iloilo City,""
Iloilo,Passi City,""
Iloilo,Ajuy,11.167; 123.017
Iloilo,Alimodian,10.817; 122.433
Iloilo,Anilao,11.000; 122.717
Iloilo,Badiangan,11.000; 122.517
Iloilo,Balasan,11.467; 123.083
Iloilo,Banate,11.050; 122.783
Iloilo,Barotac Nuevo,10.900; 122.700
Iloilo,Barotac Viejo,11.050; 122.850
Iloilo,Batad,11.417; 123.117
Iloilo,Bingawan,11.233; 122.567
Iloilo,Cabatuan,10.883; 122.483
Iloilo,Calinog,11.133; 122.500
Iloilo,Carles,11.567; 123.133
Iloilo,Concepcion,11.200; 123.100
Iloilo,Dingle,11.050; 122.667
Iloilo,Dueñas,11.067; 122.617
Iloilo,Dumangas,10.833; 122.717
Iloilo,Estancia,11.450; 123.150
Iloilo,Guimbal,10.667; 122.317
Iloilo,Igbaras,10.717; 122.267
Iloilo,Janiuay,10.950; 122.500
Iloilo,Lambunao,11.050; 122.483
Iloilo,Leganes,10.783; 122.583
Iloilo,Lemery,11.233; 122.933
Iloilo,Leon,10.783; 122.383
Iloilo,Maasin,10.883; 122.433
Iloilo,Miagao,10.650; 122.233
Iloilo,Mina,10.933; 122.583
Iloilo,New Lucena,10.883; 122.600
Iloilo,Oton,10.700; 122.467
Iloilo,Pavia,10.77500; 122.54194
Iloilo,Pototan,10.950; 122.633
Iloilo,San Dionisio,11.267; 123.083
Iloilo,San Enrique,11.067; 122.650
Iloilo,San Joaquin,10.600; 122.083
Iloilo,San Miguel,10.783; 122.467
Iloilo,San Rafael,11.167; 122.833
Iloilo,Santa Barbara,10.883; 122.483
Iloilo,Sara,11.250; 123.017
Iloilo,Tigbauan,10.717; 122.383
Iloilo,Tubungan,10.783; 122.300
Iloilo,Zarraga,10.817; 122.600
Isabela,Cauayan City,""
Isabela,Santiago City,""
Isabela,Alicia,16.783; 121.700
Isabela,Angadanan,16.750; 121.750
Isabela,Aurora,16.99194; 121.63694
Isabela,Benito Soliven,16.983; 121.950
Isabela,Burgos,17.067; 121.700
Isabela,Cabagan,17.433; 121.767
Isabela,Cabatuan,16.95889; 121.66917
Isabela,Cordon,16.667; 121.450
Isabela,Delfin Albano,17.317; 121.783
Isabela,Dinapigue,16.667; 122.350
Isabela,Divilacan,17.333; 122.300
Isabela,Echague,16.700; 121.650
Isabela,Gamu,17.050; 121.833
Isabela,Ilagan City,""
Isabela,Jones,16.55806; 121.70694
Isabela,Luna,16.967; 121.733
Isabela,Maconacon,17.433; 122.233
Isabela,Mallig,17.200; 121.617
Isabela,Naguilian,17.02667; 121.83500
Isabela,Palanan,17.05889; 122.43000
Isabela,Quezon,17.317; 121.617
Isabela,Quirino,17.133; 121.700
Isabela,Ramon,16.783; 121.533
Isabela,Reina Mercedes,16.983; 121.783
Isabela,Roxas,17.117; 121.617
Isabela,San Agustin,16.517; 121.750
Isabela,San Guillermo,16.767; 121.800
Isabela,San Isidro,16.867; 121.767
Isabela,San Manuel,17.017; 121.633
Isabela,San Mariano,16.983; 122.017
Isabela,San Mateo,16.883; 121.583
Isabela,San Pablo,17.467; 121.983
Isabela,Santa Maria,17.467; 121.750
Isabela,Santo Tomas,17.400; 121.767
Isabela,Tumauini,17.267; 121.800
Kalinga,Tabuk,17.45000; 121.45833
Kalinga,Balbalan,17.450; 121.150
Kalinga,Lubuagan,17.350; 121.183
Kalinga,Pasil,17.383; 121.150
Kalinga,Pinukpuk,17.600; 121.367
Kalinga,Rizal,17.500; 121.600
Kalinga,Tanudan,17.300; 121.233
Kalinga,Tinglayan,17.283; 121.167
La Union,San Fernando City,""
La Union,Agoo,16.32500; 120.36861
La Union,Aringay,16.383; 120.417
La Union,Bacnotan,16.717; 120.350
La Union,Bagulin,16.60833; 120.43944
La Union,Balaoan,16.817; 120.400
La Union,Bangar,16.89806; 120.42306
La Union,Bauang,16.53083; 120.33306
La Union,Burgos,16.517; 120.467
La Union,Caba,16.433; 120.350
La Union,Luna,16.85389; 120.38111
La Union,Naguilian,16.533; 120.400
La Union,Pugo,16.283; 120.483
La Union,Rosario,16.23194; 120.48806
La Union,San Gabriel,16.6750; 120.400
La Union,San Juan,16.66889; 120.34111
La Union,Santo Tomas,16.26361; 120.39389
La Union,Santol,16.767; 120.450
La Union,Sudipen,16.900; 120.450
La Union,Tubao,16.350; 120.417
Laguna,Biñan City,""
Laguna,Calamba City,""
Laguna,San Pablo City,""
Laguna,Santa Rosa City,""
Laguna,Alaminos,14.06306; 121.24806
Laguna,Bay,14.183; 121.283
Laguna,Cabuyao,""
Laguna,Calauan,14.150; 121.317
Laguna,Cavinti,14.250; 121.517
Laguna,Famy,14.433; 121.450
Laguna,Kalayaan,14.350; 121.567
Laguna,Liliw,14.133; 121.433
Laguna,Los Baños,14.167; 121.217
Laguna,Luisiana,14.183; 121.517
Laguna,Lumban,14.29806; 121.46000
Laguna,Mabitac,14.42750; 121.42667
Laguna,Magdalena,14.200; 121.433
Laguna,Majayjay,14.150; 121.467
Laguna,Nagcarlan,14.133; 121.417
Laguna,Paete,14.367; 121.483
Laguna,Pagsanjan,14.27306; 121.45389
Laguna,Pakil,14.383; 121.483
Laguna,Pangil,14.40306; 121.46611
Laguna,Pila,14.233; 121.367
Laguna,Rizal,14.10917; 121.39444
Laguna,San Pedro,14.3583; 121.0583
Laguna,Santa Cruz,14.27861; 121.41556
Laguna,Santa Maria,14.47000; 121.42611
Laguna,Siniloan,14.417; 121.450
Laguna,Victoria,14.22694; 121.32806
Lanao del Norte,Iligan City,""
Lanao del Norte,Bacolod,8.183; 124.017
Lanao del Norte,Baloi,8.117; 124.217
Lanao del Norte,Baroy,8.033; 123.783
Lanao del Norte,Kapatagan,7.900; 123.767
Lanao del Norte,Kauswagan,8.183; 124.083
Lanao del Norte,Kolambugan,8.117; 123.900
Lanao del Norte,Lala,7.967; 123.750
Lanao del Norte,Linamon,8.183; 124.167
Lanao del Norte,Magsaysay,8.033; 123.917
Lanao del Norte,Maigo,8.150; 123.967
Lanao del Norte,Matungao,8.133; 124.167
Lanao del Norte,Munai,7.983; 124.067
Lanao del Norte,Nunungan,7.817; 123.967
Lanao del Norte,Pantao Ragat,8.050; 124.150
Lanao del Norte,Pantar,8.067; 124.267
Lanao del Norte,Poona Piagapo,8.083; 124.083
Lanao del Norte,Salvador,7.900; 123.850
Lanao del Norte,Sapad,7.850; 123.833
Lanao del Norte,Sultan Naga Dimaporo,7.783; 123.750
Lanao del Norte,Tagoloan,8.133; 124.267
Lanao del Norte,Tangcal,8.000; 124.000
Lanao del Norte,Tubod,8.050; 123.800
Lanao del Sur,Marawi City,""
Lanao del Sur,Bacolod-Kalawi,7.850; 124.133
Lanao del Sur,Balabagan,7.533; 124.117
Lanao del Sur,Balindong,7.917; 124.200
Lanao del Sur,Bayang,7.79306; 124.19194
Lanao del Sur,Binidayan,7.800; 124.167
Lanao del Sur,Buadiposo-Buntong,7.967; 124.383
Lanao del Sur,Bubong,8.017; 124.483
Lanao del Sur,Bumbaran,7.800; 124.650
Lanao del Sur,Butig,7.717; 124.300
Lanao del Sur,Calanogas,7.750; 124.100
Lanao del Sur,Ditsaan-Ramain,7.967; 124.350
Lanao del Sur,Ganassi,7.833; 124.100
Lanao del Sur,Kapai,8.083; 124.400
Lanao del Sur,Kapatagan,7.450; 124.133
Lanao del Sur,Lumba-Bayabao,7.883; 124.383
Lanao del Sur,Lumbaca-Unayan,7.767; 124.250
Lanao del Sur,Lumbatan,7.783; 124.250
Lanao del Sur,Lumbayanague,7.783; 124.283
Lanao del Sur,Madalum,7.850; 124.117
Lanao del Sur,Madamba,7.883; 124.067
Lanao del Sur,Maguing,7.900; 124.400
Lanao del Sur,Malabang,7.583; 124.067
Lanao del Sur,Marantao,7.950; 124.233
Lanao del Sur,Marogong,7.667; 124.150
Lanao del Sur,Masiu,7.817; 124.317
Lanao del Sur,Mulondo,7.933; 124.383
Lanao del Sur,Pagayawan,7.733; 124.117
Lanao del Sur,Piagapo,8.000; 124.200
Lanao del Sur,Poona Bayabao,7.850; 124.350
Lanao del Sur,Pualas,7.817; 124.067
Lanao del Sur,Saguiaran,8.033; 124.267
Lanao del Sur,Sultan Dumalondong,7.67778; 124.26778
Lanao del Sur,Picong,7.683; 123.950
Lanao del Sur,Tagoloan II,""
Lanao del Sur,Tamparan,7.883; 124.333
Lanao del Sur,Taraka,7.900; 124.350
Lanao del Sur,Tubaran,7.717; 124.167
Lanao del Sur,Tugaya,7.883; 124.167
Lanao del Sur,Wao,7.683; 124.683
Leyte,Ormoc City,""
Leyte,Tacloban City,""
Leyte,Abuyog,10.733; 125.017
Leyte,Alangalang,11.200; 124.850
Leyte,Albuera,10.917; 124.700
Leyte,Babatngon,11.417; 124.850
Leyte,Barugo,11.317; 124.733
Leyte,Bato,10.333; 124.800
Leyte,Baybay,""
Leyte,Burauen,10.983; 124.900
Leyte,Calubian,11.450; 124.417
Leyte,Capoocan,11.283; 124.650
Leyte,Carigara,11.300; 124.683
Leyte,Dagami,11.06111; 124.90306
Leyte,Dulag,10.950; 125.033
Leyte,Hilongos,10.367; 124.750
Leyte,Hindang,10.450; 124.800
Leyte,Inopacan,10.500; 124.750
Leyte,Isabel,10.933; 124.433
Leyte,Jaro,11.183; 124.783
Leyte,Javier,10.800; 124.933
Leyte,Julita,10.967; 124.967
Leyte,Kananga,11.183; 124.567
Leyte,La Paz,10.883; 124.950
Leyte,Leyte,11.367; 124.483
Leyte,Liloan,""
Leyte,MacArthur,""
Leyte,Mahaplag,10.583; 124.983
Leyte,Matag-ob,11.117; 124.467
Leyte,Matalom,10.283; 124.800
Leyte,Mayorga,10.900; 125.000
Leyte,Merida,10.917; 124.533
Leyte,Palo,11.15750; 124.99083
Leyte,Palompon,11.050; 124.383
Leyte,Pastrana,11.133; 124.883
Leyte,San Isidro,11.417; 124.350
Leyte,San Miguel,11.267; 124.833
Leyte,Santa Fe,11.183; 124.917
Leyte,Sogod,""
Leyte,Tabango,11.317; 124.367
Leyte,Tabontabon,11.03; 124.97
Leyte,Tanauan,11.12; 125.02
Leyte,Tolosa,11.033; 125.017
Leyte,Tunga,11.250; 124.750
Leyte,Villaba,11.217; 124.400
Maguindanao,Cotabato City,""
Maguindanao,Ampatuan,6.867; 124.467
Maguindanao,Barira,7.483; 124.300
Maguindanao,Buldon,7.517; 124.367
Maguindanao,Buluan,6.86667; 124.75000
Maguindanao,Datu Abdullah Sangki,6.751722; 124.491861
Maguindanao,Datu Anggal Midtimbang,6.93333; 124.33333
Maguindanao,Datu Blah T. Sinsuat,6.92278; 123.96833
Maguindanao,Datu Hoffer Ampatuan,6.8666694; 124.45000
Maguindanao,Datu Montawal,7.10000; 124.76667
Maguindanao,Datu Odin Sinsuat,7.18889; 124.18389
Maguindanao,Datu Paglas,6.76694; 124.85000
Maguindanao,Datu Piang,7.03333; 124.50000
Maguindanao,Datu Salibo,7.0166694; 124.50000
Maguindanao,Datu Saudi-Ampatuan,6.95722; 124.44444
Maguindanao,Datu Unsay,6.92083; 124.45333
Maguindanao,General Salipada K. Pendatun,6.79694; 124.70250
Maguindanao,Guindulungan,6.96583; 124.34806
Maguindanao,Kabuntalan,7.11667; 124.38333
Maguindanao,Mamasapano,6.97194; 124.48111
Maguindanao,Mangudadatu,6.68750; 124.82500
Maguindanao,Matanog,7.467; 124.250
Maguindanao,Northern Kabuntalan,7.13333; 124.46667
Maguindanao,Pagalungan,7.057000; 124.701000
Maguindanao,Paglat,6.70000; 124.78333
Maguindanao,Pandag,6.78333; 124.80000
Maguindanao,Parang,7.33333; 124.31667
Maguindanao,Rajah Buayan,6.91083; 124.55083
Maguindanao,Shariff Aguak,6.86472; 124.44167
Maguindanao,Shariff Saydona Mustapha,6.9666694; 124.50000
Maguindanao,South Upi,6.8548444; 124.1443028
Maguindanao,Sultan Kudarat,7.233; 124.250
Maguindanao,Sultan Mastura,7.283; 124.300
Maguindanao,Sultan sa Barongis,6.80000; 124.63333
Maguindanao,Talayan,6.96667; 124.41667
Maguindanao,Talitay,""
Maguindanao,Upi,7.02889; 124.16500
Marinduque,Boac,13.450; 121.833
Marinduque,Buenavista,13.25389; 121.94361
Marinduque,Gasan,13.317; 121.850
Marinduque,Mogpog,13.47444; 121.86139
Marinduque,Santa Cruz,13.47667; 122.02667
Marinduque,Torrijos,13.317; 122.083
Masbate,Masbate City,""
Masbate,Aroroy,12.500; 123.400
Masbate,Baleno,12.467; 123.483
Masbate,Balud,12.033; 123.200
Masbate,Batuan,12.417; 123.767
Masbate,Cataingan,12.000; 123.983
Masbate,Cawayan,12.033; 123.683
Masbate,Claveria,12.900; 123.250
Masbate,Dimasalang,12.183; 123.867
Masbate,Esperanza,11.733; 124.050
Masbate,Mandaon,12.233; 123.283
Masbate,Milagros,12.233; 123.500
Masbate,Mobo,12.333; 123.650
Masbate,Monreal,12.633; 123.667
Masbate,Palanas,12.150; 123.917
Masbate,Pio V. Corpuz,11.900; 124.033
Masbate,Placer,11.867; 123.917
Masbate,San Fernando,12.483; 123.750
Masbate,San Jacinto,12.567; 123.733
Masbate,San Pascual,13.133; 122.983
Masbate,Uson,12.217; 123.783
Metro Manila,Caloocan,""
Metro Manila,Las Piñas,""
Metro Manila,Makati,""
Metro Manila,Malabon,""
Metro Manila,Mandaluyong,""
Metro Manila,Manila,""
Metro Manila,Marikina,""
Metro Manila,Muntinlupa,""
Metro Manila,Navotas,""
Metro Manila,Parañaque,""
Metro Manila,Pasay,""
Metro Manila,Pasig,""
Metro Manila,Quezon City,""
Metro Manila,San Juan City,""
Metro Manila,Taguig,""
Metro Manila,Valenzuela City,""
Metro Manila,Pateros,14.5417; 121.0667
Misamis Occidental,Oroquieta City,""
Misamis Occidental,Ozamiz City,""
Misamis Occidental,Tangub City,""
Misamis Occidental,Aloran,8.417; 123.817
Misamis Occidental,Baliangao,8.667; 123.600
Misamis Occidental,Bonifacio,8.100; 123.600
Misamis Occidental,Calamba,8.55833; 123.64167
Misamis Occidental,Clarin,8.200; 123.850
Misamis Occidental,Concepcion,8.417; 123.600
Misamis Occidental,Don Victoriano Chiongbian,8.300; 123.583
Misamis Occidental,Jimenez,8.333; 123.833
Misamis Occidental,Lopez Jaena,8.550; 123.767
Misamis Occidental,Panaon,8.367; 123.833
Misamis Occidental,Plaridel,8.617; 123.700
Misamis Occidental,Sapang Dalaga,8.550; 123.567
Misamis Occidental,Sinacaban,8.283; 123.733
Misamis Occidental,Tudela,8.250; 123.833
Misamis Oriental,Cagayan de Oro,""
Misamis Oriental,Gingoog City,""
Misamis Oriental,Alubijid,8.567; 124.467
Misamis Oriental,Balingasag,8.750; 124.783
Misamis Oriental,Balingoan,9.000; 124.850
Misamis Oriental,Binuangan,8.917; 124.800
Misamis Oriental,Claveria,8.617; 124.883
Misamis Oriental,El Salvador,8.567; 124.517
Misamis Oriental,Gitagum,8.600; 124.400
Misamis Oriental,Initao,8.500; 124.317
Misamis Oriental,Jasaan,8.650; 124.750
Misamis Oriental,Kinoguitan,8.983; 124.817
Misamis Oriental,Lagonglong,8.800; 124.783
Misamis Oriental,Laguindingan,8.583; 124.450
Misamis Oriental,Libertad,8.55833; 124.35000
Misamis Oriental,Lugait,8.333; 124.267
Misamis Oriental,Magsaysay,9.017; 125.183
Misamis Oriental,Manticao,8.383; 124.283
Misamis Oriental,Medina,8.917; 125.017
Misamis Oriental,Naawan,8.433; 124.300
Misamis Oriental,Opol,8.517; 124.567
Misamis Oriental,Salay,8.867; 124.800
Misamis Oriental,Sugbongcogon,8.950; 124.783
Misamis Oriental,Tagoloan,8.533; 124.750
Misamis Oriental,Talisayan,8.99167; 124.88333
Misamis Oriental,Villanueva,8.583; 124.783
Mountain Province,Barlig,17.083; 121.150
Mountain Province,Bauko,16.983; 120.867
Mountain Province,Besao,17.100; 120.817
Mountain Province,Bontoc,17.08722; 120.97556
Mountain Province,Natonin,17.100; 121.283
Mountain Province,Paracelis,17.267; 121.467
Mountain Province,Sabangan,16.950; 120.917
Mountain Province,Sadanga,17.167; 121.033
Mountain Province,Sagada,17.083; 120.900
Mountain Province,Tadian,17.000; 120.817
Negros Occidental,Bacolod City,""
Negros Occidental,Bago City,""
Negros Occidental,Cadiz City,""
Negros Occidental,Escalante City,""
Negros Occidental,Himamaylan City,""
Negros Occidental,Kabankalan City,""
Negros Occidental,La Carlota City,""
Negros Occidental,Sagay City,""
Negros Occidental,San Carlos City,""
Negros Occidental,Silay City,""
Negros Occidental,Sipalay City,""
Negros Occidental,Talisay City,""
Negros Occidental,Victorias City,""
Negros Occidental,Binalbagan,10.200; 122.867
Negros Occidental,Calatrava,10.600; 123.483
Negros Occidental,Candoni,9.8310444; 122.6429806
Negros Occidental,Cauayan,9.967; 122.617
Negros Occidental,Enrique B. Magalona,10.883; 122.967
Negros Occidental,Hinigaran,10.267; 122.850
Negros Occidental,Hinoba-an,9.583; 122.467
Negros Occidental,Ilog,10.033; 122.767
Negros Occidental,Isabela,10.200; 122.983
Negros Occidental,La Castellana,10.350; 123.067
Negros Occidental,Manapla,10.95; 123.12
Negros Occidental,Moises Padilla,10.267; 123.083
Negros Occidental,Murcia,10.6; 123.03
Negros Occidental,Pontevedra,10.367; 122.883
Negros Occidental,Pulupandan,10.517; 122.800
Negros Occidental,Salvador Benedicto,10.550; 123.233
Negros Occidental,San Enrique,10.417; 122.850
Negros Occidental,Toboso,10.717; 123.517
Negros Occidental,Valladolid,10.467; 122.833
Negros Oriental,Bais City,""
Negros Oriental,Bayawan City,""
Negros Oriental,Canlaon City,""
Negros Oriental,Guihulngan City,""
Negros Oriental,Dumaguete City,""
Negros Oriental,Tanjay City,""
Negros Oriental,Amlan,9.450; 123.233
Negros Oriental,Ayungon,9.850; 123.133
Negros Oriental,Bacong,9.250; 123.283
Negros Oriental,Basay,9.417; 122.633
Negros Oriental,Bindoy,9.767; 123.133
Negros Oriental,Dauin,9.200; 123.267
Negros Oriental,Jimalalud,9.983; 123.200
Negros Oriental,La Libertad,10.033; 123.217
Negros Oriental,Mabinay,9.733; 122.917
Negros Oriental,Manjuyod,9.683; 123.150
Negros Oriental,Pamplona,9.467; 123.117
Negros Oriental,San Jose,9.417; 123.233
Negros Oriental,Santa Catalina,9.333; 122.867
Negros Oriental,Siaton,9.067; 123.033
Negros Oriental,Sibulan,9.350; 123.283
Negros Oriental,Tayasan,9.917; 123.150
Negros Oriental,Valencia,9.283; 123.250
Negros Oriental,Vallehermoso,10.333; 123.317
Negros Oriental,Zamboanguita,9.117; 123.200
Northern Samar,Allen,12.500; 124.283
Northern Samar,Biri,12.667; 124.383
Northern Samar,Bobon,12.517; 124.567
Northern Samar,Capul,12.417; 124.183
Northern Samar,Catarman,12.450; 124.650
Northern Samar,Catubig,12.400; 125.050
Northern Samar,Gamay,12.383; 125.300
Northern Samar,Laoang,12.567; 125.017
Northern Samar,Lapinig,""
Northern Samar,Las Navas,""
Northern Samar,Lavezares,12.533; 124.333
Northern Samar,Lope de Vega,12.300; 124.617
Northern Samar,Mapanas,""
Northern Samar,Mondragon,12.517; 124.750
Northern Samar,Palapag,""
Northern Samar,Pambujan,12.567; 124.933
Northern Samar,Rosario,12.517; 124.417
Northern Samar,San Antonio,12.417; 124.267
Northern Samar,San Isidro,""
Northern Samar,San Jose,""
Northern Samar,San Roque,""
Northern Samar,San Vicente,12.35; 124.05
Northern Samar,Silvino Lobos,12.300; 124.833
Northern Samar,Victoria,12.450; 124.317
Nueva Ecija,Cabanatuan City,""
Nueva Ecija,Gapan City,""
Nueva Ecija,Science City of Muñoz,""
Nueva Ecija,Palayan City,""
Nueva Ecija,San Jose City,""
Nueva Ecija,Aliaga,15.50000; 120.84389
Nueva Ecija,Bongabon,15.63111; 121.14389
Nueva Ecija,Cabiao,15.250; 120.850
Nueva Ecija,Carranglan,15.967; 121.067
Nueva Ecija,Cuyapo,15.783; 120.667
Nueva Ecija,Gabaldon,15.533; 121.317
Nueva Ecija,General Mamerto Natividad,15.600; 121.050
Nueva Ecija,General Tinio,15.350; 121.050
Nueva Ecija,Guimba,15.65806; 120.76889
Nueva Ecija,Jaen,15.333; 120.900
Nueva Ecija,Laur,15.583; 121.183
Nueva Ecija,Licab,15.550; 120.767
Nueva Ecija,Llanera,15.667; 121.017
Nueva Ecija,Lupao,15.883; 120.900
Nueva Ecija,Nampicuan,15.733; 120.633
Nueva Ecija,Pantabangan,15.817; 121.150
Nueva Ecija,Peñaranda,15.350; 121.000
Nueva Ecija,Quezon,15.550; 120.817
Nueva Ecija,Rizal,15.683; 121.167
Nueva Ecija,San Antonio,15.383; 120.800
Nueva Ecija,San Isidro,15.267; 120.900
Nueva Ecija,San Leonardo,15.367; 120.967
Nueva Ecija,Santa Rosa,15.42389; 120.93889
Nueva Ecija,Santo Domingo,15.583; 120.867
Nueva Ecija,Talavera,15.583; 120.917
Nueva Ecija,Talugtug,15.77889; 120.81111
Nueva Ecija,Zaragoza,15.45306; 120.79111
Nueva Vizcaya,Alfonso Castaneda,15.800; 121.300
Nueva Vizcaya,Ambaguio,16.517; 121.017
Nueva Vizcaya,Aritao,16.300; 121.033
Nueva Vizcaya,Bagabag,16.600; 121.267
Nueva Vizcaya,Bambang,16.383; 121.117
Nueva Vizcaya,Bayombong,16.483; 121.150
Nueva Vizcaya,Diadi,16.633; 121.350
Nueva Vizcaya,Dupax del Norte,16.28639; 121.09417
Nueva Vizcaya,Dupax del Sur,16.283; 121.100
Nueva Vizcaya,Kasibu,16.317; 121.283
Nueva Vizcaya,Kayapa,16.417; 120.917
Nueva Vizcaya,Quezon,16.500; 121.267
Nueva Vizcaya,Santa Fe,16.16194; 120.93889
Nueva Vizcaya,Solano,16.52389; 121.19194
Nueva Vizcaya,Villaverde,16.583; 121.200
Occidental Mindoro,Abra de Ilog,13.450; 120.733
Occidental Mindoro,Calintaan,12.57556; 120.94278
Occidental Mindoro,Looc,13.72167; 120.25056
Occidental Mindoro,Lubang,13.85778; 120.12333
Occidental Mindoro,Magsaysay,12.333; 121.150
Occidental Mindoro,Mamburao,13.217; 120.600
Occidental Mindoro,Paluan,13.417; 120.467
Occidental Mindoro,Rizal,12.467; 120.967
Occidental Mindoro,Sablayan,12.817; 120.767
Occidental Mindoro,San Jose,12.350; 121.067
Occidental Mindoro,Santa Cruz,13.117; 120.850
Oriental Mindoro,Calapan City,""
Oriental Mindoro,Baco,13.41250; 121.12861
Oriental Mindoro,Bansud,12.833; 121.367
Oriental Mindoro,Bongabong,12.717; 121.367
Oriental Mindoro,Bulalacao,12.333; 121.350
Oriental Mindoro,Gloria,12.917; 121.467
Oriental Mindoro,Mansalay,12.517; 121.433
Oriental Mindoro,Naujan,13.317; 121.300
Oriental Mindoro,Pinamalayan,13.000; 121.417
Oriental Mindoro,Pola,13.14389; 121.44000
Oriental Mindoro,Puerto Galera,13.500; 120.950
Oriental Mindoro,Roxas,12.583; 121.500
Oriental Mindoro,San Teodoro,13.433; 121.017
Oriental Mindoro,Socorro,13.067; 121.400
Oriental Mindoro,Victoria,13.367; 121.200
Palawan,Puerto Princesa City,""
Palawan,Aborlan,9.433; 118.550
Palawan,Agutaya,11.150; 120.950
Palawan,Araceli,10.333; 119.600
Palawan,Balabac,7.983; 117.050
Palawan,Bataraza,8.667; 117.617
Palawan,Brookes Point,""
Palawan,Busuanga,12.167; 119.950
Palawan,Cagayancillo,9.48194; 121.03611
Palawan,Coron,12.000; 120.200
Palawan,Culion,11.83528; 119.99333
Palawan,Cuyo,10.850; 121.017
Palawan,Dumaran,10.533; 119.767
Palawan,El Nido,11.333; 119.683
Palawan,Kalayaan,11.050; 114.283
Palawan,Linapacan,11.500; 119.867
Palawan,Magsaysay,10.867; 121.050
Palawan,Narra,9.283; 118.417
Palawan,Quezon,9.233; 118.033
Palawan,Rizal,8.683; 117.350
Palawan,Roxas,10.333; 119.333
Palawan,San Vicente,10.533; 119.283
Palawan,Sofronio Española,9.050; 118.033
Palawan,Taytay,10.817; 119.517
Pampanga,Angeles City,""
Pampanga,City of San Fernando,""
Pampanga,Apalit,14.950; 120.767
Pampanga,Arayat,15.150; 120.767
Pampanga,Bacolor,15.000; 120.650
Pampanga,Candaba,15.09333; 120.82833
Pampanga,Floridablanca,14.933; 120.500
Pampanga,Guagua,14.967; 120.633
Pampanga,Lubao,14.933; 120.600
Pampanga,Mabalacat,""
Pampanga,Macabebe,14.90806; 120.71556
Pampanga,Magalang,15.217; 120.667
Pampanga,Masantol,14.900; 120.717
Pampanga,Mexico,15.067; 120.717
Pampanga,Minalin,14.967; 120.683
Pampanga,Porac,15.07194; 120.54194
Pampanga,San Luis,15.04000; 120.79194
Pampanga,San Simon,14.99306; 120.77694
Pampanga,Santa Ana,15.09389; 120.76806
Pampanga,Santa Rita,14.99528; 120.61528
Pampanga,Santo Tomas,14.967; 120.717
Pampanga,Sasmuan,14.933; 120.617
Pangasinan,Alaminos City,""
Pangasinan,Dagupan City,""
Pangasinan,San Carlos City,""
Pangasinan,Urdaneta City,""
Pangasinan,Agno,16.117; 119.800
Pangasinan,Aguilar,15.833; 120.200
Pangasinan,Alcala,15.84722; 120.52417
Pangasinan,Anda,16.283; 119.967
Pangasinan,Asingan,16.000; 120.667
Pangasinan,Balungao,15.900; 120.700
Pangasinan,Bani,16.200; 119.850
Pangasinan,Basista,15.850; 120.400
Pangasinan,Bautista,15.783; 120.500
Pangasinan,Bayambang,15.81056; 120.45472
Pangasinan,Binalonan,16.050; 120.600
Pangasinan,Binmaley,16.033; 120.267
Pangasinan,Bolinao,16.333; 119.883
Pangasinan,Bugallon,15.917; 120.183
Pangasinan,Burgos,16.04639; 119.85667
Pangasinan,Calasiao,16.017; 120.367
Pangasinan,Dasol,15.98972; 119.88056
Pangasinan,Infanta,15.817; 119.900
Pangasinan,Labrador,16.000; 120.117
Pangasinan,Laoac,16.033; 120.550
Pangasinan,Lingayen,16.02000; 120.23083
Pangasinan,Mabini,16.06972; 119.94000
Pangasinan,Malasiqui,15.917; 120.417
Pangasinan,Manaoag,16.04389; 120.48556
Pangasinan,Mangaldan,16.067; 120.400
Pangasinan,Mangatarem,15.783; 120.300
Pangasinan,Mapandan,16.017; 120.450
Pangasinan,Natividad,16.050; 120.817
Pangasinan,Pozzorubio,""
Pangasinan,Rosales,15.883; 120.633
Pangasinan,San Fabian,16.150; 120.450
Pangasinan,San Jacinto,16.07250; 120.44111
Pangasinan,San Manuel,16.067; 120.667
Pangasinan,San Nicolas,16.07000; 120.76528
Pangasinan,San Quintin,15.98444; 120.81500
Pangasinan,Santa Barbara,16.00306; 120.40083
Pangasinan,Santa Maria,15.98083; 120.70028
Pangasinan,Santo Tomas,15.71194; 120.58472
Pangasinan,Sison,16.15694; 120.52222
Pangasinan,Sual,16.067; 120.100
Pangasinan,Tayug,16.02361; 120.74778
Pangasinan,Umingan,15.900; 120.800
Pangasinan,Urbiztondo,15.817; 120.350
Pangasinan,Villasis,15.900; 120.583
Quezon,Lucena City,""
Quezon,Tayabas City,""
Quezon,Agdangan,13.867; 121.917
Quezon,Alabat,14.100; 122.017
Quezon,Atimonan,14.000; 121.917
Quezon,Buenavista,13.73944; 122.46750
Quezon,Burdeos,14.84361; 121.96972
Quezon,Calauag,13.95750; 122.28750
Quezon,Candelaria,13.93111; 121.42333
Quezon,Catanauan,13.59167; 122.32500
Quezon,Dolores,14.09417; 121.33139
Quezon,General Luna,13.68806; 122.17083
Quezon,General Nakar,14.767; 121.617
Quezon,Guinayangan,13.900; 122.450
Quezon,Gumaca,13.917; 122.100
Quezon,Infanta,14.74250; 121.64944
Quezon,Jomalig,14.71250; 122.36972
Quezon,Lopez,13.883; 122.267
Quezon,Lucban,14.11333; 121.55694
Quezon,Macalelon,13.750; 122.133
Quezon,Mauban,14.183; 121.717
Quezon,Mulanay,13.500; 122.417
Quezon,Padre Burgos,13.917; 121.800
Quezon,Pagbilao,13.967; 121.700
Quezon,Panukulan,14.933; 121.817
Quezon,Patnanungan,14.783; 122.183
Quezon,Perez,14.183; 121.933
Quezon,Pitogo,13.783; 122.083
Quezon,Plaridel,13.950; 122.017
Quezon,Polillo,14.717; 121.950
Quezon,Quezon,14.050; 122.133
Quezon,Real,14.667; 121.600
Quezon,Sampaloc,14.167; 121.583
Quezon,San Andres,13.367; 122.650
Quezon,San Antonio,13.900; 121.300
Quezon,San Francisco,13.250; 122.583
Quezon,San Narciso,13.57000; 122.56500
Quezon,Sariaya,13.967; 121.533
Quezon,Tagkawayan,13.967; 122.533
Quezon,Tiaong,13.950; 121.317
Quezon,Unisan,13.833; 121.983
Quirino,Aglipay,16.467; 121.650
Quirino,Cabarroguis,16.583; 121.500
Quirino,Diffun,16.600; 121.467
Quirino,Maddela,16.350; 121.700
Quirino,Nagtipunan,16.217; 121.600
Quirino,Saguday,16.517; 121.600
Rizal,Antipolo City,""
Rizal,Angono,14.533; 121.150
Rizal,Baras,14.517; 121.267
Rizal,Binangonan,14.45139; 121.19194
Rizal,Cainta,14.567; 121.117
Rizal,Cardona,14.48611; 121.22889
Rizal,Jalajala,14.35306; 121.32222
Rizal,Morong,14.51194; 121.23889
Rizal,Pililla,14.483; 121.300
Rizal,Rodriguez,14.717; 121.117
Rizal,San Mateo,14.717; 121.117
Rizal,Tanay,14.500; 121.283
Rizal,Taytay,14.567; 121.133
Rizal,Teresa,14.567; 121.200
Romblon,Alcantara,12.267; 122.050
Romblon,Banton,12.95; 122.08
Romblon,Cajidiocan,12.367; 122.683
Romblon,Calatrava,12.617; 122.067
Romblon,Concepcion,12.9250; 121.7083
Romblon,Corcuera,12.800; 122.050
Romblon,Ferrol,12.333; 121.950
Romblon,Looc,12.267; 122.000
Romblon,Magdiwang,12.483; 122.517
Romblon,Odiongan,12.400; 122.000
Romblon,Romblon,12.567; 122.267
Romblon,San Agustin,""
Romblon,San Andres,12.517; 122.017
Romblon,San Fernando,12.317; 122.600
Romblon,San Jose,12.067; 121.933
Romblon,Santa Fe,12.150; 122.000
Romblon,Santa Maria,12.450; 122.100
Samar,Calbayog City,""
Samar,Catbalogan City,""
Samar,Almagro,11.917; 124.283
Samar,Basey,11.283; 125.067
Samar,Calbiga,11.633; 125.017
Samar,Daram,11.633; 124.783
Samar,Gandara,12.017; 124.817
Samar,Hinabangan,11.700; 125.067
Samar,Jiabong,11.767; 124.950
Samar,Marabut,11.117; 125.217
Samar,Matuguinao,12.150; 124.883
Samar,Motiong,11.783; 125.000
Samar,Pagsanghan,11.967; 124.800
Samar,Paranas,11.850; 125.117
Samar,Pinabacdao,11.617; 124.983
Samar,San Jorge,11.983; 124.817
Samar,San Jose De Buan,""
Samar,San Sebastian,11.700; 125.017
Samar,Santa Margarita,12.033; 124.667
Samar,Santa Rita,11.467; 124.950
Samar,Santo Niño,11.93889; 124.41944
Samar,Tagapul-an,12.050; 124.150
Samar,Talalora,11.517; 124.850
Samar,Tarangnan,11.900; 124.750
Samar,Villareal,11.567; 124.933
Samar,Zumarraga,11.633; 124.850
Sarangani,Alabel,6.083; 125.283
Sarangani,Glan,5.817; 125.200
Sarangani,Kiamba,5.983; 124.617
Sarangani,Maasim,5.867; 125.000
Sarangani,Maitum,6.033; 124.483
Sarangani,Malapatan,5.967; 125.283
Sarangani,Malungon,6.267; 125.283
Siquijor,Enrique Villanueva,9.25; 123.65
Siquijor,Larena,9.25; 123.6
Siquijor,Lazi,9.13; 123.63
Siquijor,Maria,9.2; 123.65
Siquijor,San Juan,9.17; 123.5
Siquijor,Siquijor,9.22; 123.52
Sorsogon,Sorsogon City,""
Sorsogon,Barcelona,12.867; 124.133
Sorsogon,Bulan,12.667; 123.883
Sorsogon,Bulusan,12.750; 124.117
Sorsogon,Casiguran,12.867; 124.017
Sorsogon,Castilla,12.950; 123.883
Sorsogon,Donsol,12.917; 123.600
Sorsogon,Gubat,12.917; 124.117
Sorsogon,Irosin,12.700; 124.033
Sorsogon,Juban,12.850; 123.983
Sorsogon,Magallanes,12.833; 123.850
Sorsogon,Matnog,12.583; 124.083
Sorsogon,Pilar,12.933; 123.683
Sorsogon,Prieto Diaz,13.033; 124.183
Sorsogon,Santa Magdalena,12.650; 124.100
South Cotabato,General Santos City,""
South Cotabato,Koronadal City,""
South Cotabato,Banga,6.300; 124.783
South Cotabato,Lake Sebu,6.217; 124.700
South Cotabato,Norala,6.550; 124.667
South Cotabato,Polomolok,6.217; 125.067
South Cotabato,Santo Niño,6.433; 124.683
South Cotabato,Surallah,6.367; 124.733
South Cotabato,Tboli,""
South Cotabato,Tampakan,6.450; 124.933
South Cotabato,Tantangan,6.617; 124.750
South Cotabato,Tupi,6.333; 124.950
Southern Leyte,Maasin City,""
Southern Leyte,Anahawan,10.283; 125.250
Southern Leyte,Bontoc,10.350; 124.967
Southern Leyte,Hinunangan,10.400; 125.200
Southern Leyte,Hinundayan,10.350; 125.250
Southern Leyte,Libagon,10.300; 125.050
Southern Leyte,Liloan,10.150; 125.133
Southern Leyte,Limasawa,9.93333; 125.07222
Southern Leyte,Macrohon,10.083; 124.950
Southern Leyte,Malitbog,10.150; 125.000
Southern Leyte,Padre Burgos,10.033; 125.017
Southern Leyte,Pintuyan,9.950; 125.250
Southern Leyte,Saint Bernard,10.283; 125.133
Southern Leyte,San Francisco,10.067; 125.167
Southern Leyte,San Juan,10.267; 125.183
Southern Leyte,San Ricardo,9.917; 125.283
Southern Leyte,Silago,10.533; 125.150
Southern Leyte,Sogod,10.383; 124.983
Southern Leyte,Tomas Oppus,10.250; 124.983
Sultan Kudarat,Tacurong City,""
Sultan Kudarat,Bagumbayan,6.533; 124.567
Sultan Kudarat,Columbio,6.700; 124.933
Sultan Kudarat,Esperanza,6.717; 124.517
Sultan Kudarat,Isulan,6.633; 124.600
Sultan Kudarat,Kalamansig,6.567; 124.050
Sultan Kudarat,Lambayong,6.800; 124.633
Sultan Kudarat,Lebak,6.633; 124.067
Sultan Kudarat,Lutayan,6.600; 124.850
Sultan Kudarat,Palimbang,6.217; 124.200
Sultan Kudarat,President Quirino,6.700; 124.733
Sultan Kudarat,Senator Ninoy Aquino,6.467; 124.333
Sulu,Banguingui,6.067; 121.783
Sulu,Hadji Panglima Tahil,6.167; 120.917
Sulu,Indanan,6.067; 121.783
Sulu,Jolo,6.050; 121.000
Sulu,Kalingalan Caluang,5.883; 121.267
Sulu,Lugus,5.700; 120.817
Sulu,Luuk,6.000; 121.350
Sulu,Maimbung,5.933; 121.033
Sulu,Old Panamao,5.983; 121.250
Sulu,Omar,5.983; 121.400
Sulu,Pandami,5.533; 120.750
Sulu,Panglima Estino,5.967; 121.200
Sulu,Pangutaran,6.300; 120.583
Sulu,Parang,5.917; 120.917
Sulu,Pata,5.833; 121.083
Sulu,Patikul,6.067; 121.100
Sulu,Siasi,5.550; 120.817
Sulu,Talipao,5.933; 121.100
Sulu,Tapul,5.717; 120.900
Surigao del Norte,Surigao City,""
Surigao del Norte,Alegria,9.467; 125.583
Surigao del Norte,Bacuag,9.600; 125.633
Surigao del Norte,Basilisa,""
Surigao del Norte,Burgos,10.017; 126.067
Surigao del Norte,Cagdianao,""
Surigao del Norte,Claver,9.567; 125.733
Surigao del Norte,Dapa,9.767; 126.050
Surigao del Norte,Del Carmen,9.867; 125.967
Surigao del Norte,Dinagat,""
Surigao del Norte,General Luna,9.800; 126.133
Surigao del Norte,Gigaquit,9.583; 125.700
Surigao del Norte,Libjo,""
Surigao del Norte,Loreto,""
Surigao del Norte,Mainit,9.533; 125.517
Surigao del Norte,Malimono,9.617; 125.400
Surigao del Norte,Pilar,9.867; 126.100
Surigao del Norte,Placer,9.650; 125.600
Surigao del Norte,San Benito,9.950; 126.017
Surigao del Norte,San Francisco,9.733; 125.417
Surigao del Norte,San Isidro,9.933; 126.083
Surigao del Norte,San Jose,""
Surigao del Norte,Santa Monica,10.01944; 126.03889
Surigao del Norte,Sison,9.667; 125.533
Surigao del Norte,Socorro,9.633; 125.950
Surigao del Norte,Tagana-an,9.700; 125.583
Surigao del Norte,Tubajon,""
Surigao del Norte,Tubod,9.567; 125.567
Surigao del Sur,Bislig City,""
Surigao del Sur,Tandag City,""
Surigao del Sur,Barobo,8.550; 126.200
Surigao del Sur,Bayabas,8.967; 126.267
Surigao del Sur,Cagwait,8.917; 126.300
Surigao del Sur,Cantilan,9.333; 125.983
Surigao del Sur,Carmen,9.217; 125.967
Surigao del Sur,Carrascal,9.367; 125.933
Surigao del Sur,Cortes,9.233; 126.167
Surigao del Sur,Hinatuan,8.367; 126.333
Surigao del Sur,Lanuza,9.233; 126.067
Surigao del Sur,Lianga,8.633; 126.100
Surigao del Sur,Lingig,8.033; 126.417
Surigao del Sur,Madrid,9.267; 125.967
Surigao del Sur,Marihatag,8.800; 126.300
Surigao del Sur,San Agustin,8.733; 126.133
Surigao del Sur,San Miguel,8.883; 126.000
Surigao del Sur,Tagbina,8.450; 126.167
Surigao del Sur,Tago,8.967; 126.150
Tarlac,Tarlac City,""
Tarlac,Anao,15.72889; 120.62611
Tarlac,Bamban,15.283; 120.567
Tarlac,Camiling,15.700; 120.417
Tarlac,Capas,15.32750; 120.59083
Tarlac,Concepcion,15.317; 120.650
Tarlac,Gerona,15.600; 120.600
Tarlac,La Paz,15.44306; 120.72889
Tarlac,Mayantoc,15.617; 120.383
Tarlac,Moncada,15.733; 120.567
Tarlac,Paniqui,15.667; 120.583
Tarlac,Pura,15.62500; 120.65000
Tarlac,Ramos,15.66667; 120.64167
Tarlac,San Clemente,15.717; 120.367
Tarlac,San Jose,15.400; 120.333
Tarlac,San Manuel,15.833; 120.583
Tarlac,Santa Ignacia,15.617; 120.433
Tarlac,Victoria,15.57806; 120.68194
Tawi-Tawi,Bongao,5.033; 119.767
Tawi-Tawi,Languyan,5.267; 120.083
Tawi-Tawi,Mapun,7.000; 118.500
Tawi-Tawi,Panglima Sugala,5.183; 120.017
Tawi-Tawi,Sapa-Sapa,5.07500; 120.17500
Tawi-Tawi,Sibutu,4.683; 119.467
Tawi-Tawi,Simunul,4.900; 119.833
Tawi-Tawi,Sitangkai,4.667; 119.400
Tawi-Tawi,South Ubian,5.183; 120.483
Tawi-Tawi,Tandubas,5.250; 120.283
Tawi-Tawi,Turtle Islands,6.083; 118.317
Zambales,Olongapo City,""
Zambales,Botolan,15.283; 120.017
Zambales,Cabangan,15.133; 120.150
Zambales,Candelaria,15.633; 119.933
Zambales,Castillejos,14.933; 120.200
Zambales,Iba,15.333; 119.983
Zambales,Masinloc,15.533; 119.950
Zambales,Palauig,15.433; 120.050
Zambales,San Antonio,14.950; 120.083
Zambales,San Felipe,15.06194; 120.07000
Zambales,San Marcelino,14.967; 120.150
Zambales,San Narciso,15.017; 120.083
Zambales,Santa Cruz,15.767; 119.917
Zambales,Subic,14.900; 120.233
Zamboanga del Norte,Dapitan City,""
Zamboanga del Norte,Dipolog City,""
Zamboanga del Norte,Bacungan,""
Zamboanga del Norte,Baliguian,7.817; 122.250
Zamboanga del Norte,Godod,8.000; 122.817
Zamboanga del Norte,Gutalac,7.983; 122.400
Zamboanga del Norte,Jose Dalman,8.450; 123.033
Zamboanga del Norte,Kalawit,7.933; 122.533
Zamboanga del Norte,Katipunan,8.433; 123.283
Zamboanga del Norte,La Libertad,8.450; 123.500
Zamboanga del Norte,Labason,8.067; 122.517
Zamboanga del Norte,Liloy,8.117; 122.667
Zamboanga del Norte,Manukan,8.533; 123.100
Zamboanga del Norte,Mutia,8.433; 123.467
Zamboanga del Norte,Piñan,8.400; 123.433
Zamboanga del Norte,Polanco,8.533; 123.367
Zamboanga del Norte,President Manuel A. Roxas,8.483; 123.217
Zamboanga del Norte,Rizal,8.583; 123.533
Zamboanga del Norte,Salug,8.033; 122.833
Zamboanga del Norte,Sergio Osmeña Sr.,8.267; 123.383
Zamboanga del Norte,Siayan,8.133; 123.100
Zamboanga del Norte,Sibuco,7.283; 122.067
Zamboanga del Norte,Sibutad,8.600; 123.467
Zamboanga del Norte,Sindangan,8.233; 123.000
Zamboanga del Norte,Siocon,7.700; 122.133
Zamboanga del Norte,Sirawai,7.583; 122.133
Zamboanga del Norte,Tampilisan,8.017; 122.683
Zamboanga del Sur,Pagadian City,""
Zamboanga del Sur,Zamboanga City,""
Zamboanga del Sur,Aurora,7.950; 123.583
Zamboanga del Sur,Bayog,7.867; 123.033
Zamboanga del Sur,Dimataling,7.533; 123.367
Zamboanga del Sur,Dinas,7.633; 123.300
Zamboanga del Sur,Dumalinao,7.817; 123.367
Zamboanga del Sur,Dumingag,8.167; 123.350
Zamboanga del Sur,Guipos,7.733; 123.317
Zamboanga del Sur,Josefina,8.200; 123.533
Zamboanga del Sur,Kumalarang,7.750; 123.150
Zamboanga del Sur,Labangan,7.867; 123.517
Zamboanga del Sur,Lakewood,7.850; 123.167
Zamboanga del Sur,Lapuyan,7.633; 123.200
Zamboanga del Sur,Mahayag,8.133; 123.383
Zamboanga del Sur,Margosatubig,7.583; 123.167
Zamboanga del Sur,Midsalip,8.000; 123.267
Zamboanga del Sur,Molave,8.083; 123.483
Zamboanga del Sur,Pitogo,7.450; 123.317
Zamboanga del Sur,Ramon Magsaysay,8.000; 123.483
Zamboanga del Sur,San Miguel,7.650; 123.267
Zamboanga del Sur,San Pablo,7.650; 123.450
Zamboanga del Sur,Sominot,8.017; 123.367
Zamboanga del Sur,Tabina,7.467; 123.417
Zamboanga del Sur,Tambulig,8.067; 123.533
Zamboanga del Sur,Tigbao,7.817; 123.283
Zamboanga del Sur,Tukuran,7.850; 123.583
Zamboanga del Sur,Vincenzo A. Sagun,7.517; 123.167
Zamboanga Sibugay,Alicia,7.50833; 122.94167
Zamboanga Sibugay,Buug,7.733; 123.067
Zamboanga Sibugay,Diplahan,7.717; 123.017
Zamboanga Sibugay,Imelda,7.617; 122.950
Zamboanga Sibugay,Ipil,7.783; 122.583
Zamboanga Sibugay,Kabasalan,7.817; 122.817
Zamboanga Sibugay,Mabuhay,7.417; 122.900
Zamboanga Sibugay,Malangas,7.617; 123.000
Zamboanga Sibugay,Naga,7.833; 122.700
Zamboanga Sibugay,Olutanga,7.333; 122.833
Zamboanga Sibugay,Payao,7.583; 122.850
Zamboanga Sibugay,Roseller Lim,7.700; 122.467
Zamboanga Sibugay,Siay,7.717; 122.883
Zamboanga Sibugay,Talusan,7.333; 122.883
Zamboanga Sibugay,Titay,7.850; 122.550
Zamboanga Sibugay,Tungawan,7.500; 122.367
